{"valBGM":0.372955322265625,"decibelBGM":-8.566864013671875,"valSE":1.0,"decibelSE":0.0}
